,,count
",sample_attribute
",[],1
"0,strain",DSM 7271,1
type-material,type strain of Chryseobacterium piscicola,2
type-material,type strain of Muricauda zhangzhouensis,2
type-material,type strain of Flavobacterium psychrophilum,2
type-material,type strain of Flavobacterium pectinovorum,2
type-material,type strain of Apibacter mensalis,2
type-material,type strain of Salegentibacter mishustinae,2
type-material,type strain of Chryseobacterium joostei,2
type-material,type strain of Salegentibacter salegens,2
type-material,type strain of Chryseobacterium shigense,2
type-material,type strain of Salinimicrobium catena,2
type-material,type strain of Flavobacterium aquidurense,2
type-material,type strain of Flavobacterium frigidimaris,2
type-material,type strain of Flavobacterium johnsoniae,2
type-material,type strain of Flavobacterium araucananum,2
type-material,type strain of Chryseobacterium daecheongense,2
type-material,type strain of Aequorivita viscosa,2
type-material,type strain of Chryseobacterium arachidis,1
type-material,type strain of Flavobacterium fontis,1
type-material,type strain of Chryseobacterium wanjuense,1
type-material,type strain of Ornithobacterium rhinotracheale,1
type-material,type strain of Flavobacterium terrae,1
type-material,type strain of Flavobacterium columnare,1
type-material,type strain of Flagellimonas pacifica,1
type-material,type strain of Chryseobacterium geocarposphaerae,1
type-material,type strain of Mesonia phycicola,1
type-material,type strain of Muricauda lutaonensis,1
type-material,type strain of Chryseobacterium arothri,1
type-material,type strain of Sinomicrobium oceani,1
type-material,type strain of Arenibacter troitsensis,1
type-material,type strain of Winogradskyella epiphytica,1
type-material,type strain of Maribacter antarcticus\n,1
type-material,type strain of Chryseobacterium defluvii,1
type-material,type strain of Arenibacter echinorum,1
type-material,type strain of Algoriella xinjiangensis,1
type-material,type strain of Cruoricaptor ignavus,1
type-material,type strain of Myroides odoratus,1
type-material,type strain of Maribacter aquivivus,1
type-material,type strain of Muricauda antarctica,1
type-material,type strain of Salegentibacter agarivorans,1
type-material,type strain of Flavobacterium xueshanense,1
type-material,type strain of Flavobacterium hercynium,1
type-material,type strain of Salegentibacter salarius,1
type-material,"type strain of Flavobacterium antarcticum""\n",1
type-material,type strain of Flavobacterium xanthum,1
type-material,type strain of Flavobacterium micromati,1
type-material,type strain of Chryseobacterium soldanellicola,1
type-material,type strain of Olleya namhaensis,1
type-material,type strain of Robiginitalea myxolifaciens,1
type-material,type strain of Maribacter orientalis,1
type-material,type strain of Muricauda ruestringensis,1
type-material,type strain of Flavobacterium urocaniciphilum,1
type-material,type strain of Myroides marinus,1
type-material,type strain of Chryseobacterium culicis,1
type-material,type strain of Capnocytophaga canimorsus,1
type-material,type strain of Flavobacterium ummariense,1
type-material,type strain of Chryseobacterium humi,1
type-material,type strain of Kordia periserrulae,1
type-material,type strain of Flavobacterium reichenbachii,1
type-material,type strain of Cellulophaga fucicola,1
type-material,type strain of Bizionia echini,1
type-material,type strain of Chryseobacterium bovis,1
type-material,type strain of Arenibacter algicola,1
type-material,type strain of Maribacter polysiphoniae,1
type-material,type strain of Myroides guanonis,1
type-material,type strain of Aequorivita sublithincola,1
type-material,type strain of Flavobacterium aciduliphilum,1
type-material,type strain of Flavobacterium branchiophilum,1
type-material,type strain of Flavobacterium spartansii,1
type-material,type strain of Flavobacterium cucumis,1
type-material,type strain of Algibacter lectus,1
type-material,type strain of Flavobacterium glycines,1
type-material,type strain of Flavobacterium denitrificans\n,1
type-material,type strain of Salegentibacter holothuriorum,1
type-material,type strain of Flavobacterium plurextorum,1
type-material,type strain of Flavobacterium succinicans,1
type-material,type strain of Bizionia paragorgiae,1
type-material,type strain of Flexibacter aurantiacus,1
type-material,type strain of Muricauda pacifica,1
type-material,type strain of Chryseobacterium xixisoli,1
type-material,type strain of Flavobacterium marinum,1
type-material,type strain of Chryseobacterium balustinum,1
type-material,type strain of Leeuwenhoekiella marinoflava,1
type-material,type strain of Flavobacterium degerlachei,1
type-material,type strain of Gelidibacter algens,1
type-material,type strain of Aquimarina spongiae,1
type-material,type strain of Psychroflexus salarius,1
type-material,type strain of Flavobacterium tegetincola\n,1
type-material,type strain of Flavobacterium phragmitis,1
type-material,type strain of Mesonia algae,1
type-material,type strain of Chryseobacterium gleum,1
type-material,type strain of Psychroflexus halocasei,1
type-material,type strain of Flavobacterium cheniae,1
type-material,Missing,1
type-material,type strain of Chryseobacterium jeonii,1
type-material,type strain of Flavobacterium fluvii,1
type-material,type strain of Myroides phaeus,1
type-material,type strain of Chryseobacterium carnipullorum,1
type-material,type strain of Flavobacterium haoranii,1
type-material,type strain of Salegentibacter flavus,1
type-material,type strain of Olleya aquimaris,1
type-material,type strain of Tenacibaculum mesophilum,1
type-material,type strain of Chryseobacterium jejuense,1
type-material,type strain of Flagellimonas flava,1
type-material,type strain of Flavobacterium anhuiense,1
type-material,type strain of Mesoflavibacter zeaxanthinifaciens\n,1
type-material,type strain of Flavobacterium granuli,1
type-material,type strain of Lutibacter profundi,1
type-material,type strain of Chryseobacterium gambrini,1
type-material,type strain of Flavobacterium hibernum,1
type-material,type strain of Nonlabens ulvanivorans,1
type-material,type strain of Nonlabens dokdonensis,1
type-material,type strain of Flavobacterium flevense,1
type-material,type strain of Flavobacterium saccharophilum,1
type-material,type strain of Flavobacterium glaciei,1
type-material,type strain of Chryseobacterium hungaricum,1
type-material,type strain of Leeuwenhoekiella palythoae,1
type-material,type strain of Flavobacterium oncorhynchi,1
type-material,type strain of Flavobacterium tructae,1
type-material,type strain of Salinimicrobium sediminis,1
type-material,type strain of Olleya marilimosa,1
type-material,type strain of Chryseobacterium formosense,1
type-material,type strain of Chryseobacterium halperniae,1
type-material,type strain of Winogradskyella thalassocola,1
type-material,type strain of Flavobacterium noncentrifugens,1
type-material,type strain of Gaetbulibacter saemankumensis\n,1
type-material,type strain of Flavobacterium limicola,1
type-material,type strain of Cellulophaga tyrosinoxydans,1
type-material,type strain of Cellulophaga baltica,1
type-material,type strain of Polaribacter dokdonensis,1
type-material,type strain of Flavobacterium urumqiense,1
type-material,type strain of Ulvibacter litoralis,1
type-material,type strain of Chryseobacterium taeanense,1
type-material,type strain of Psychroflexus sediminis,1
type-material,type strain of Flavobacterium sinopsychrotolerans,1
type-material,type strain of Chryseobacterium chaponense,1
type-material,type strain of Chryseobacterium limigenitum,1
type-material,type strain of Maribacter arcticus,1
type-material,type strain of Chryseobacterium zeae,1
type-material,type strain of Flavobacterium caeni,1
type-material,type strain of Flavobacterium saliperosum,1
type-material,type strain of Cloacibacterium normanense,1
type-material,type strain of Riemerella columbipharyngis,1
type-material,type strain of Flaviramulus basaltis,1
type-material,type strain of Chryseobacterium scophthalmum,1
type-material,type strain of Chryseobacterium daeguense\n,1
type-material,type strain of Pricia antarctica,1
type-material,type strain of Chryseobacterium frigidisoli,1
type-material,type strain of Chryseobacterium antarcticum,1
type-material,type strain of Flavobacterium frigoris,1
type-material,type strain of Ulvibacter antarcticus,1
type-material,type strain of Flavobacterium segetis,1
type-material,type strain of Chryseobacterium piperi,1
type-material,type strain of Chryseobacterium ureilyticum,1
type-material,type strain of Lutibacter flavus,1
type-material,type strain of Arenitalea lutea,1
type-material,type strain of Lutibacter oceani,1
type-material,type strain of Kriegella aquimaris,1
type-material,type strain of Zunongwangia mangrovi,1
type-material,type strain of Hyunsoonleella jejuensis,1
type-material,type strain of Chryseobacterium molle,1
type-material,type strain of Flavobacterium aquatile,1
type-material,type strain of Myroides profundi,1
type-material,type strain of Salegentibacter echinorum,1
type-material,type strain of Flavobacterium terrigena,1
type-material,type strain of Riemerella columbina\n,1
type-material,type strain of Formosa spongicola,1
type-material,type strain of Flavobacterium fryxellicola,1
type-material,type strain of Winogradskyella jejuensis,1
type-material,type strain of Pustulibacterium marinum,1
type-material,type strain of Flavobacterium cauense,1
type-material,type strain of Aquimarina amphilecti,1
type-material,type strain of Flavobacterium tiangeerense,1
type-material,type strain of Flavobacterium sasangense\n,1
type-material,type strain of Capnocytophaga granulosa,1
type-material,type strain of Algibacter pectinivorans,1
type-material,type strain of Lutibacter agarilyticus,1
type-material,type strain of Flavobacterium aquaticum,1
type-material,type strain of Arenibacter palladensis,1
type-material,type strain of Myroides xuanwuensis,1
type-material,type strain of Flavobacterium lindanitolerans,1
type-material,type strain of Soonwooa buanensis,1
type-material,type strain of Flavobacterium piscis,1
type-material,type strain of Nonlabens xylanidelens,1
type-material,type strain of Capnocytophaga haemolytica,1
type-material,type strain of Chryseobacterium taichungense,1
type-material,type strain of Elizabethkingia meningoseptica\n,1
type-material,type strain of Flavobacterium croceum,1
type-material,type strain of Maribacter ulvicola,1
type-material,type strain of Flavobacterium cutihirudinis,1
type-material,type strain of Chryseobacterium takakiae,1
type-material,type strain of Maribacter forsetii,1
type-material,type strain of Chryseobacterium indologenes,1
type-material,type strain of Flavobacterium swingsii,1
type-material,type strain of Pseudozobellia thermophila,1
type-material,type strain of Lutibacter maritimus,1
type-material,type strain of Chryseobacterium oranimense,1
type-material,type strain of Zobellia uliginosa,1
type-material,type strain of Capnocytophaga gingivalis,1
type-material,type strain of Salegentibacter salinarum,1
type-material,type strain of Chryseobacterium polytrichastri,1
type-material,type strain of Flavobacterium lacus,1
type-material,type strain of Gramella gaetbulicola,1
type-material,type strain of Capnocytophaga ochracea\n,1
type-material,type strain of Maribacter sedimenticola,1
type-material,type strain of Flavobacterium defluvii,1
type-material,type strain of Chryseobacterium treverense,1
type-material,type strain of Flavobacterium daejeonense\n,1
type-material,type strain of Moheibacter sediminis,1
type-material,type strain of Maribacter stanieri,1
type-material,type strain of Zhouia amylolytica,1
type-material,type strain of Chryseobacterium taihuense,1
type-material,type strain of Flavobacterium gillisiae,1
type-material,type strain of Lutibacter oricola,1
type-material,type strain of Psychroserpens burtonensis\n,1
type-material,type strain of Chryseobacterium oleae,1
type-material,type strain of Flavobacterium hydatis,1
type-material,type strain of Chishuiella changwenlii,1
type-material,type strain of Wenyingzhuangia marina,1
"1,strain",ATCC 35910,1
misc_param,"HMP supersite', 'oral",9
misc_param,"HMP body site', 'not determined",8
misc_param,"HMP body site', 'Vaginal",1
misc_param,"HMP body site', 'Gingival crevices",1
misc_param,"HMP supersite', 'urogenital_tract",1
project_type,Reference Genome,10
estimated_size,2998000,1
estimated_size,2546000,1
estimated_size,2667000,1
estimated_size,2635000,1
estimated_size,5562000,1
estimated_size,6749000,1
estimated_size,2590000,1
estimated_size,2654000,1
estimated_size,2479000,1
estimated_size,2785000,1
culture-collection,DSM:15235,2
culture-collection,DSM:16927,2
culture-collection,DSM:24704,2
culture-collection,DSM:23404,2
culture-collection,DSM:18668,1
culture-collection,DSM:23522,1
culture-collection,DSM:15094,1
culture-collection,DSM:17126,1
culture-collection,DSM:22637,1
culture-collection,CCUG:60099,1
culture-collection,ATCC:33624,1
culture-collection,CCUG:59446,1
culture-collection,ATCC:35910,1
culture-collection,ATCC:29551,1
culture-collection,ATCC:13253,1
culture-collection,DSM:21791,1
culture-collection,DSM:15937,1
culture-collection,ATCC:49418,1
culture-collection,DSM:17708,1
culture-collection,DSM:2801,1
culture-collection,DSM:25731,1
culture-collection,ATCC:19366,1
culture-collection,CCUG:60100,1
culture-collection,ATCC:17061,1
culture-collection,DSM:18292,1
culture-collection,DSM:24464,1
culture-collection,DSM:17032,1
culture-collection,DSM:23514,1
culture-collection,DSM:15997,1
culture-collection,DSM:22377,1
culture-collection,DSM:5424,1
culture-collection,DSM:18293,1
culture-collection,DSM:21067,1
culture-collection,DSM:15936,1
culture-collection,ATCC:11947,1
culture-collection,DSM:25663,1
culture-collection,DSM:22727,1
culture-collection,DSM:14219,1
culture-collection,DSM:16809,1
culture-collection,ATCC:23463,1
culture-collection,ATCC:BAA-2541,1
culture-collection,DSM:19726,1
culture-collection,DSM:23082,1
culture-collection,DSM:18436,1
culture-collection,ATCC:BAA-634,1
culture-collection,DSM:25027,1
culture-collection,DSM:17205,1
culture-collection,DSM:21422,1
culture-collection,DSM:12212,1
culture-collection,DSM:15361,1
culture-collection,DSM:23424,1
culture-collection,DSM:16469,1
culture-collection,ATCC:35035,1
culture-collection,DSM:21068,1
culture-collection,ATCC:51468,1
culture-collection,DSM:19388,1
culture-collection,CCUG:60112,1
culture-collection,DSM:14238,1
culture-collection,DSM:12408,1
culture-collection,DSM:25795,1
culture-collection,DSM:27617,1
feature,missing,206
feature,not provided; submitted under MIGS 2.1,9
feature,human-associated habitat [ENVO:00009003],7
feature,Homo sapiens-associated habitat [ENVO:00009003],3
investigation_type,bacteria_archaea,72
investigation_type,missing,3
hosttaxid,9606,10
nucleicacidextraction,not determined,10
finishingstrategy(depthofcoverage),"Level 6', 'Finished33.84x;7",1
material,missing,206
material,biological product [ENVO:02000043],10
material,not provided; submitted under MIGS 2.1,9
sop,http://hmpdacc.org/doc/CommonGeneAnnotation_SOP.pdf,10
num_replicons,missing,275
num_replicons,not determined,10
num_replicons,1,7
num_replicons,Missing,1
num_replicons,Not collected,1
ref_biomaterial,missing,275
ref_biomaterial,not determined,10
ref_biomaterial,Missing,2
ref_biomaterial,DSM 12212,1
ref_biomaterial,"DSM 14237, ACAM 630",1
ref_biomaterial,DSM 13258,1
ref_biomaterial,"DSM 15868, ATCC 11845, CCUG 14215, JCM 9532, LMG 11054, NCTC 11014",1
ref_biomaterial,ACAM 1065,1
ref_biomaterial,DSM 16469,1
ref_biomaterial,"DSM 15997, CCUG 23171, LMG 9086",1
ref_biomaterial,DSM 19388,1
ref_biomaterial,DSM 18436,1
ref_biomaterial,"DSM 2801, ATCC 4651, IAM 14199, JCM 7458, NCTC 11036",1
ref_biomaterial,DSM 17708,1
ref_biomaterial,DSM 15936,1
ref_biomaterial,DSM 19726,1
ref_biomaterial,DSM 22377,1
ref_biomaterial,"DSM 19736, ATCC 49044, CCUG 24742, CIP 103937, NCTC 12243",1
ref_biomaterial,DSM 21067,1
ref_biomaterial,DSM 21422,1
ref_biomaterial,DSM 17032,1
ref_biomaterial,"DSM 14238, ACAM 643",1
ref_biomaterial,Not collected,1
geo_loc_name,missing,168
geo_loc_name,not determined,10
geo_loc_name,Germany,7
geo_loc_name,Antarctica,6
geo_loc_name,Japan:Nahari River,6
geo_loc_name,"USA', 'WI",5
geo_loc_name,USA,4
geo_loc_name,Japan,4
geo_loc_name,South Korea,3
geo_loc_name,NULL,3
geo_loc_name,"Germany', 'Kiel",3
geo_loc_name,Japan:Kagami River,3
geo_loc_name,"USA', 'Oklahoma",2
geo_loc_name,"China', 'Quanzhou, Fujian, Quanzhou Hospital",2
geo_loc_name,"Germany', 'Experimental Botanical Garden Goettingen",2
geo_loc_name,Spain:fish farm,2
geo_loc_name,Germany:Westhofer Bach,2
geo_loc_name,"United Kingdom', 'Scotland",2
geo_loc_name,"USA', 'California",2
geo_loc_name,Canada,2
geo_loc_name,"USA:Chicago, Lake Michigan",2
geo_loc_name,"USA', 'Hawaii",1
geo_loc_name,"Russia', 'Sea of Japan",1
geo_loc_name,"Taiwan', 'Green Island",1
geo_loc_name,Unknown,1
geo_loc_name,"USA', 'Indiana",1
geo_loc_name,Israel,1
geo_loc_name,"Antarctica', 'Organic Lake",1
geo_loc_name,"Norway', 'Arctic Mid-Ocean Ridge hydrothermal vent field",1
geo_loc_name,United Kingdom:Southern England,1
geo_loc_name,"South Korea:Republic of Korea, Wanju Province",1
geo_loc_name,"USA', 'Massachusetts",1
geo_loc_name,"United Kingdom:Kent, England",1
geo_loc_name,"USA', 'Snake River, WA",1
geo_loc_name,Chile:Concepcion,1
geo_loc_name,South Korea:Jeju,1
geo_loc_name,"South Korea', 'Taean region, Jeju",1
geo_loc_name,Spain:central part,1
geo_loc_name,South Korea:Sangju region,1
geo_loc_name,Russia,1
geo_loc_name,South Korea:Dokdo,1
geo_loc_name,"Australia', 'Brisbane, Thorneside Wastewater Treatment Plant",1
geo_loc_name,"Austria', 'Vorarlberg",1
geo_loc_name,"United Kingdom', 'Hope Cove, Devon",1
geo_loc_name,"USA', 'Ohio",1
geo_loc_name,USA:WA,1
geo_loc_name,Israel:Northern Israel,1
geo_loc_name,Netherlands,1
geo_loc_name,China,1
geo_loc_name,"USA', 'Oregon",1
geo_loc_name,"South Korea:Jeju, Woljeong",1
geo_loc_name,"South Korea:Republic of Korea, Daejeon region",1
geo_loc_name,"Israel', 'northern part",1
geo_loc_name,Spain,1
geo_loc_name,"United Kingdom', 'River Wey",1
geo_loc_name,"USA:Rogers City, MI",1
geo_loc_name,USA:hatchery in Michigan,1
geo_loc_name,"Germany', 'Helgoland",1
geo_loc_name,Missing,1
geo_loc_name,"USA', 'WA",1
geo_loc_name,Greece:Crete,1
geo_loc_name,"Denmark', 'Kattegat,Hirsholm",1
geo_loc_name,"Chile', 'Lake Chapo, 43 km north-west of Puerto Montt",1
geo_loc_name,"South Korea:Republic of Korea, Jeju, coastal area",1
geo_loc_name,Germany:Westerhofer Bach,1
geo_loc_name,"USA', 'Montana",1
geo_loc_name,United Kingdom:England,1
geo_loc_name,Japan:Gunma,1
geo_loc_name,"Slovenia', 'Dogose, Maribor",1
geo_loc_name,USA:PA,1
geo_loc_name,South Korea:Pohang,1
geo_loc_name,"China', 'Quanzhou, Fujian",1
geo_loc_name,Chile:Osorno,1
geo_loc_name,"Norway:Jan Mayen, Norwegian/Greenland Sea",1
geo_loc_name,"Germany', 'Trier",1
geo_loc_name,"USA', 'Snake River Valley, Idaho",1
geo_loc_name,"USA', 'Rhode Island",1
geo_loc_name,"Chile', 'Region Los Lagos, Osorno",1
geo_loc_name,"France', 'Bretagne, Pleubian",1
geo_loc_name,"USA', 'Rocky Hill, New Jersey",1
geo_loc_name,"South Korea', 'Buyeo",1
geo_loc_name,"China', 'Xinjiang No.1 glacier",1
geo_loc_name,"USA', 'Hawaii, island of Oahu, Kaneohe Bay",1
geo_loc_name,"USA', 'Michigan State University Extension, Berrien County, Michigan",1
geo_loc_name,"China', 'Qingdao",1
biome,missing,206
biome,terrestrial biome [ENVO:00000446],10
biome,not provided; submitted under MIGS 2.1,9
latlon,not determined,3
env_package,missing,60
collectiondate,not determined,10
collectiondate,2010-10-20,3
collectiondate,2004,1
collectiondate,1980,1
collectiondate,2002,1
specifichost,Homo sapiens,10
sequencingmethod,Illumina HiSeq 2000,4
sequencingmethod,PacBio RS II\n,3
sequencingmethod,454-Paired-end,2
sequencingmethod,454-GS-FLX,1
sequencingmethod,"454-GS-FLX, Illumina",1
sequencingmethod,454,1
sequencingmethod,"454, Sanger",1
assembly,HGAP v. 2.0.1,4
assembly,CA v6.1,3
assembly,not determined,2
assembly,Newbler v. 2.3-04192010,2
assembly,Celera Assembler v. 6.1,1
assembly,vpAllpaths v. r46652,1
assembly,Newbler v. 1.1.03.24-64-7,1
assembly,Newbler v. 2.0.0-Eclipse,1
isol_growth_condt,missing,274
isol_growth_condt,not determined,10
isol_growth_condt,Missing,2
isol_growth_condt,8240957,1
isol_growth_condt,Not collected,1
isol_growth_condt,12361255,1
isol_growth_condt,15774636,1
isol_growth_condt,15879265,1
isol_growth_condt,8123560,1
isol_growth_condt,17933915,1
isol_growth_condt,19406812,1
isol_growth_condt,9226898,1
isol_growth_condt,2915017,1
isol_growth_condt,10843045,1
isol_growth_condt,11034497,1
isol_growth_condt,Missing\n,1
isol_growth_condt,17276025,1
isol_growth_condt,16825643,1
isol_growth_condt,17551058,1
isol_growth_condt,11760940,1
isol_growth_condt,16166676,1
isol_growth_condt,19502334,1
source_mat_id,ATCC 33624,1
source_mat_id,BEI HM-267,1
source_mat_id,BEI HM-265,1
source_mat_id,ATCC 33596,1
source_mat_id,BEI HM-816,1
source_mat_id,ATCC 33612,1
source_mat_id,BEI HM-763,1
source_mat_id,BEI HM-15,1
source_mat_id,"ATCC 35910, CL4/79, IFO 15054, JCM 2410, NCTC 11432",1
source_mat_id,BEI HM-815,1
project_name,Draft genome sequence of Flavobacterium psychrophilum strain NNS7-1804,1
project_name,Flavobacterium cauense CGMCC 1.7270,1
project_name,Olleya sp. Hel_I_94,1
project_name,Maribacter sp. MAR_2009_72,1
project_name,Capnocytophaga sp. oral taxon 338 F0234,1
project_name,Salegentibacter sp. Hel_I_6,1
project_name,Flavobacterium sp. Fl,1
project_name,Flavobacterium antarcticum DSM 19726,1
project_name,Flavobacterium marinum CGMCC 1.10825,1
project_name,Aequorivita sublithincola DSM 14238,1
project_name,Dokdonia sp. Hel_I_63,1
project_name,Draft genome sequence of Flavobacterium psychrophilum strain NNS2-1804,1
project_name,Flavobacterium psychrophilum DSM 3660,1
project_name,Zobellia uliginosa MAR_2009_138,1
project_name,Leeuwenhoekiella marinoflava DSM 3653,1
project_name,Chryseobacterium sp. YR477,1
project_name,Chryseobacterium sp. OV715,1
project_name,Arenibacter palladensis MAR_2009_79,1
project_name,Gramella sp. Hel_I_59,1
project_name,Chryseobacterium sp. YR485,1
project_name,Muricauda sp. MAR_2010_75,1
project_name,Myroides odoratimimus ATCC BAA-634,1
project_name,Capnocytophaga sp. oral taxon 412 F0487,1
project_name,Flavobacterium caeni CGMCC 1.7031,1
project_name,Psychroserpens burtonensis DSM 12212,1
project_name,Chryseobacterium daeguense DSM 19388,1
project_name,Chryseobacterium sp. YR460,1
project_name,Draft genome sequence of Flavobacterium psychrophilum strain KHIR-1705,1
project_name,Flavobacterium cheniae CGMCC 1.6844,1
project_name,Draft genome sequence of Flavobacterium psychrophilum strain NNS1-1804,1
project_name,Sediminibacter sp. Hel_I_10,1
project_name,Gillisia sp. JM1\n,1
project_name,Capnocytophaga sp. oral taxon 335 F0486,1
project_name,Chryseobacterium sp. OV705,1
project_name,Lutibacter sp. Hel_I_33_5,1
project_name,Chryseobacterium sp. CF299,1
project_name,Draft genome sequence of Flavobacterium psychrophilum strain NNS4-1804,1
project_name,Maribacter antarcticus DSM 21422,1
project_name,Mesoflavibacter zeaxanthinifaciens DSM 18436,1
project_name,Draft genome sequence of Flavobacterium psychrophilum strain NNS5-1804,1
project_name,Chryseobacterium sp. CF356,1
project_name,"Capnocytophaga sputigena Capno, ATCC 33612",1
project_name,Flavobacterium croceum DSM 17960,1
project_name,Sinomicrobium oceani CGMCC 1.12145,1
project_name,Olleya sp. VCSM12,1
project_name,Myroides odoratus DSM 2801,1
project_name,Chryseobacterium sp. YR221,1
project_name,"Capnocytophaga cynodegmi E6447, DSM 19736",1
project_name,Capnocytophaga gingivalis ATCC 33624,1
project_name,Draft genome sequence of Flavobacterium psychrophilum strain NNS6-1804,1
project_name,Tenacibaculum sp. 47A_GOM-205m,1
project_name,Flavobacterium denitrificans DSM 15936,1
project_name,"Genome sequencing of bacteria contributing to the geochemical cycling of arsenic, bromine, and iodine.",1
project_name,Flavobacteriaceae bacterium Mar_2010_188,1
project_name,Chryseobacterium sp. YR480,1
project_name,Flavobacterium sp. 83,1
project_name,Capnocytophaga sp. CM59,1
project_name,Draft genome sequence of Flavobacterium psychrophilum strain KKAC-1706,1
project_name,Arenibacter troitsensis,1
project_name,Gillisia sp. Hel_I_29,1
project_name,Flavobacterium daejeonense DSM 17708,1
project_name,Chryseobacterium sp. OV279,1
project_name,"Capnocytophaga ochracea Holt 25, ATCC 33596",1
project_name,Flavobacterium anhuiense CGMCC 1.6859,1
project_name,Flavobacterium saliperosum CGMCC 1.3801,1
project_name,Chryseobacterium sp. CF365,1
project_name,Capnocytophaga ochracea F0287,1
project_name,Gaetbulibacter saemankumensis DSM 17032,1
project_name,Flavobacteriaceae bacterium Mar_2010_105,1
project_name,Dokdonia sp. Hel1_53,1
project_name,Arenibacter sp. TG409,1
project_name,Arenibacter palladensis,1
project_name,Flavobacterium sp. SCGC AAA160-P02,1
project_name,Cellulophaga sp. Hel_I_12,1
project_name,Maribacter sp. Hel_I _7,1
project_name,Olleya sp. VCSA23,1
project_name,Leeuwenhoekiella sp. MAR_2009_132,1
project_name,Gillisia sp. Hel_I_86,1
project_name,Chryseobacterium sp. YR203,1
project_name,Cellulophaga sp. RHA_52,1
project_name,Leeuwenhoekiella sp. Hel_I_48,1
project_name,"Riemerella anatipestifer A350/72, DSM 15868",1
project_name,Maribacter forsetii DSM 18668,1
project_name,Flavobacterium sasangense DSM 21067,1
project_name,Polaribacter sp. Hel_I_88,1
project_name,Arenibacter echinorum,1
project_name,Olleya marilimosa CAM030,1
project_name,"Muricauda ruestringensis B1, DSM 13258",1
project_name,Chryseobacterium sp. YR005,1
project_name,Flavobacterium glaciei CGMCC 1.5380,1
project_name,Flavobacterium tegetincola DSM 22377,1
project_name,Chryseobacterium sp. CF284,1
project_name,Riemerella columbina DSM 16469,1
project_name,Chryseobacterium sp. YR459,1
project_name,"Cellulophaga algicola IC166, DSM 14237",1
project_name,Chryseobacterium sp. OV259,1
project_name,Draft genome sequence of Flavobacterium psychrophilum strain KKOK-1706,1
project_name,Psychroserpens sp. Hel_I_66,1
project_name,Ornithobacterium rhinotracheale DSM 15997,1
project_name,Flavobacterium tiangeerense CGMCC 1.6847,1
project_name,Chryseobacterium sp. YR561,1
project_name,Chryseobacterium sp. UNC8MFCol\n,1
project_name,Capnocytophaga sp. oral taxon 329 F0087,1
project_name,"Chryseobacterium gleum F93, ATCC 35910",1
isolation-source,missing,3
isolation-source,oral cavity,2
isolation-source,blood,1
isolation-source,sea water,1
isolation-source,Activated sludge form a lab-scale nitrification reactor,1
isolation-source,activated sludge,1
isolation-source,freshwater,1
isolation-source,Activated sludge from a full-scale wastewater treatment plant,1
isolation-source,Seawater sediment suspension containing hexadecane,1
isolation-source,surfaces of algal species from Antarctic marine coast and sea ice,1
BioSampleModel,MIGS.ba\n,263
BioSampleModel,"Microbe, viral or environmental""\n",49
BioSampleModel,"MIGS.ba""\n",23
BioSampleModel,Pathogen.env\n,18
BioSampleModel,Pathogen.cl\n,12
BioSampleModel,"Pathogen.cl""\n",3
BioSampleModel,"Pathogen.env""\n",3
BioSampleModel,MIGS/MIMS/MIMARKS.water\n,1
BioSampleModel,MIGS.ba,1
"2,finishingstrategy(depthofcoverage)","Level 2', 'High-Quality Draft19x;65",1
lat_lon,missing,223
lat_lon,not collected,55
lat_lon,Missing,7
lat_lon,not determined,7
lat_lon,Not Applicable,5
lat_lon,54.1841 N 7.9 E,4
lat_lon,33.51 N 126.52 E,4
lat_lon,54.1841 N 7.9000 E,4
lat_lon,,3
lat_lon,24.9 N 118.6 E,2
lat_lon,55.0255 N 8.4567 E,2
lat_lon,51.556278 N 9.954500000000053 E,2
lat_lon,41.795262 N 87.576481 W,2
lat_lon,47.20 N 9.69 E,1
lat_lon,43.155 N 87.002 E,1
lat_lon,36.8100 N 121.7900 W,1
lat_lon,68.582 S 77.966 E,1
lat_lon,61.988 S 58.019 W,1
lat_lon,"36.172 DD, 29.023 DD",1
lat_lon,43.84 N 69.64 W,1
lat_lon,32.894866 N 117.238959 W,1
lat_lon,54.184 N 7.9 E,1
lat_lon,35.18 N 129.07 E,1
lat_lon,49.951 N 11.570 E,1
lat_lon,42.0927 N 86.356322 W,1
lat_lon,50.2463 N 3.8600 W,1
lat_lon,57.484260 N 10.623569 E,1
lat_lon,48.8445 N 3.1331 W,1
lat_lon,36.02 N 129.37 E,1
lat_lon,46.4443313 N 15.6211977 E,1
lat_lon,36.35 N 127.38 E,1
lat_lon,68.4564 S 78.1897 E,1
lat_lon,71.0317603 N 8.292371 W,1
lat_lon,32.0103114 N 35.2969760 E,1
lat_lon,36.34 N 127.43 E,1
lat_lon,68.6332 S 78.1000 E,1
lat_lon,24.54 N 118.37 E,1
lat_lon,55.0255 N 8.4563 E,1
lat_lon,35.879314 N 128.60281 E,1
lat_lon,39.85 S 72.83 W,1
lat_lon,36.2934270 N 126.9317180 E,1
lat_lon,36.09 N 120.33 E,1
lat_lon,41.47 S 72.93 W,1
lat_lon,35.35 N 24.450000000000045 E,1
lat_lon,35.30038 N 139.4999 E,1
lat_lon,73.3 N 8 E,1
investigationtype,missing,7
investigationtype,bacteria_archaea,3
strain,CSID_3015183678,2
strain,MAR_2009_79,1
strain,OV086,1
strain,YR005,1
strain,58-80,1
strain,DSM 24704,1
strain,Hel1_33_96,1
strain,LDVH-337.01,1
strain,CGMCC 1.7270,1
strain,Hel_I_6,1
strain,Mar_2010_102,1
strain,KKAC-1706,1
strain,NNS2-1804,1
strain,ATCC 51468,1
strain,DSM 14237,1
strain,Hel1_33_143,1
strain,F0287,1
strain,ATCC 19366,1
strain,FDAARGOS_132,1
strain,F0487,1
strain,ATCC BAA-634,1
strain,ATCC BAA-1782,1
strain,ATCC BAA-2541,1
strain,KKOK-1706,1
strain,NNS6-1804,1
strain,YR480,1
strain,47A_GOM-205m,1
strain,CSID_3015183681,1
strain,TG409,1
strain,DSM 19382,1
strain,DSM 29982,1
strain,LM4,1
strain,Mar_2010_11,1
strain,FDAARGOS_379,1
strain,CGMCC 1.10825,1
strain,FDAARGOS_337,1
strain,ATCC 29551,1
strain,NNS5-1804,1
strain,DSM 15997,1
strain,LDVH-AR107,1
strain,CGMCC 1.6847,1
strain,DSM 17126,1
strain,ATCC 49418,1
strain,DSM 29371,1
strain,OV279,1
strain,OV259,1
strain,CGMCC 1.5380,1
strain,Capno,1
strain,CSID_3000521207,1
strain,YR203,1
strain,Hel1_33_78,1
strain,ATCC 23463,1
strain,MAR_2010_147,1
strain,CCUG 60100,1
strain,MAR_2009_72,1
strain,MAR_2009_132,1
strain,Hel_I_86,1
strain,DSM 2801,1
strain,CM59,1
strain,CCUG 59446,1
strain,MEB061,1
strain,Hel_I_63,1
strain,CF356,1
strain,CGMCC 1.6844,1
strain,FPG102,1
strain,CF365,1
strain,ATCC 11947,1
strain,NNS1-1804,1
strain,Hel_I_12,1
strain,VCSM12,1
strain,CAM030,1
strain,MAR_2009_138,1
strain,As1,1
strain,MYb7,1
strain,FDAARGOS_134,1
strain,RHA_52,1
strain,LM5,1
strain,F0234,1
strain,ATCC 33624,1
strain,CCUG 60099,1
strain,FPG48,1
strain,FV08,1
strain,CF284,1
strain,OV705,1
strain,DSM 3653,1
strain,Hel1_53,1
strain,YR477,1
strain,DSM 25597,1
strain,Mar_2010_89,1
strain,YR561,1
strain,FPG1W08,1
strain,CGMCC 1.7031,1
strain,DSM 14238,1
strain,YR459,1
strain,VCSA23,1
strain,YR485,1
strain,Hel_I_66,1
strain,DSM 21791,1
strain,DSM 17539,1
strain,C-21,1
strain,DSM 18292,1
strain,"E6447, DSM 19736",1
strain,Mar_2009_124,1
strain,DSM 15937,1
strain,Mar_2010_214,1
strain,83,1
strain,FPG92,1
strain,OV715,1
strain,Hel_I_59,1
strain,NNS4-1804,1
strain,490_CAPN,1
strain,CCUG 60112,1
strain,DSM 3660,1
strain,ATCC 33958,1
strain,FDAARGOS_198,1
strain,MYb44,1
strain,Mar_2010_188,1
strain,ATCC 17061,1
strain,RHA_55,1
strain,12012-2 PRCM,1
strain,Mar_2010_105,1
strain,YR460,1
strain,DSM 15868,1
strain,DSM 19835,1
strain,CGMCC 1.3801,1
strain,DSM 13258,1
strain,CGMCC 1.12145,1
strain,MYb25,1
strain,CGMCC 1.6859,1
strain,Holt 25,1
strain,F0087,1
strain,DSM 17960,1
strain,YR221,1
strain,KHIR-1705,1
strain,DSM 18293,1
strain,DSM 23522,1
strain,FPG59,1
strain,CF299,1
strain,719127,1
strain,DSM 21068,1
strain,NNS7-1804,1
strain,Hel_I_94,1
strain,MAR_2010_75,1
strain,ATCC 35035,1
strain,DSM 18668,1
strain,F0486,1
strain,Hel_I_33_5,1
strain,Hel_I_29,1
strain, HMSC059D05\n,1
strain,Fl,1
environmentalpackage,missing\n,3
environmentalpackage,missing,3
environmentalpackage,"missing""\n",1
"3,finishingstrategy(depthofcoverage)","Level 2', 'High-Quality Draft37x;37",1
"4,biotic_relationship",symbiont,1
IsolationSite,seawater\n,4
IsolationSite,Gulf of Maine,1
IsolationSite,sea water from Vestfold Hills Antarctica,1
IsolationSite,Wastewater of a textile dye works,1
IsolationSite,Wastewater stream polluted with heavy metals,1
IsolationSite,Gut of earthworm (Aporrectodea caliginosa),1
IsolationSite,"soil sample of a penguin habitat near the King Sejong Station on King George Island, Antarctica",1
IsolationSite,"Seawater sediment suspension containing hexadecane; Germany, North Sea coast.",1
IsolationSite,Pycnocline or antarctic lake,1
IsolationSite,surfaces of algal species from the Antarctic marine coast and sea ice,1
IsolationSite,Green alga (Pyramimonas gelidicola),1
IsolationSite,Shallow seawater sample,1
IsolationSite,Cyanobacterial mat from a marine salinity meromictic lake,1
IsolationSite,pigeon palatine cleft,1
IsolationSite,Duck blood,1
IsolationSite,Tidal flat sediment,1
IsolationSite,Greenhouse soils,1
TemperatureOptimum,30 C,1
TemperatureOptimum,10 C,1
TemperatureOptimum,37C,1
TemperatureOptimum,35-37 C,1
TemperatureOptimum,10-12 C,1
TemperatureOptimum,25-30 C,1
TemperatureOptimum,30C,1
TemperatureOptimum,30-37 C,1
TemperatureOptimum,21.2 C,1
TemperatureOptimum,20 C,1
TemperatureOptimum,25 C,1
BodySampleSite,Blood,1
BodySampleSite,Airways,1
Motility,Nonmotile,7
Motility,Motile,6
GOLDStampID,Gi11491,1
GOLDStampID,Gi11261,1
GOLDStampID,Gi0020092,1
GOLDStampID,Gi0052410,1
GOLDStampID,Gi04179,1
GOLDStampID,Gi11848,1
GOLDStampID,Gi22680,1
GOLDStampID,Gi04613,1
GOLDStampID,Gi04621,1
GOLDStampID,Gi04009,1
GOLDStampID,Gi11517,1
GOLDStampID,Gi22681,1
GOLDStampID,Gi11507,1
GOLDStampID,Gi11493,1
GOLDStampID,Gi11494,1
GOLDStampID,Gi04609,1
GOLDStampID,Gi13912,1
GOLDStampID,Gi11502,1
GOLDStampID,Gi04008,1
GOLDStampID,Gi0042597,1
GOLDStampID,Gi22676,1
GOLDStampID,Gi11855,1
GOLDStampID,Gi05354,1
GOLDStampID,Gi11637,1
GOLDStampID,Gi0045600,1
GOLDStampID,Gi0052415,1
GOLDStampID,Gi0052407,1
GOLDStampID,Gi0052418,1
GOLDStampID,Gi11673,1
Diseases,None,1
Diseases,Septicemia,1
collection_date,missing,156
collection_date,not collected,121
collection_date,Missing,8
collection_date,2018-04-17,6
collection_date,2008,6
collection_date,01-Feb-2016,5
collection_date,2009,5
collection_date,not applicable,4
collection_date,30-Oct-2015,2
collection_date,2004,2
collection_date,2006,2
collection_date,2005,2
collection_date,2016-01-27,2
collection_date,1997,2
collection_date,2012,1
collection_date,27-Apr-2015,1
collection_date,2017-05-22,1
collection_date,1982,1
collection_date,2013,1
collection_date,12-Jan-2015,1
collection_date,2016,1
collection_date,2017-06-08,1
collection_date,1974,1
collection_date,2006-05-17,1
collection_date,13-Dec-2012,1
collection_date,2015-05-23,1
collection_date,27-Jul-2005,1
collection_date,1977,1
collection_date,2010,1
collection_date,Unknown,1
collection_date,16-Oct-2007,1
collection_date,9/16/2009 12:00:00 AM,1
collection_date,13-Jan-2014,1
collection_date,March-2014,1
collection_date,1955,1
collection_date,04-Oct-1974,1
collection_date,1954,1
collection_date,2004-05-04,1
collection_date,Oct-1983,1
collection_date,08-Aug-2013,1
collection_date,15-Jun-1992,1
collection_date,1900/1994,1
collection_date,1900/2009,1
collection_date,1932,1
collection_date,23-Jan-2014,1
collection_date,2014-08-09,1
collection_date,12-Jun-2007,1
collection_date,2013-04-24,1
collection_date,2004-01-04,1
collection_date,Dec-2015,1
collection_date,11-Feb-2004,1
collection_date,2017-06-12,1
collection_date,04-Aug-2009,1
collection_date,18-Apr-2000,1
collection_date,20-Feb-1982,1
collection_date,Jan-2012,1
collection_date,Not collected,1
environment,Missing,4
environment,Host,3
environment,Marine,3
environment,Soil,2
environment,Sediment,1
environment,Host; Soil,1
environment,Wastewater; Aquatic,1
environment,Wastewater,1
environment,Sea water; Aquatic; Marine,1
environment,Antarctic; Lake; Fresh water; Aquatic,1
environment,Marine; Mat; Antarctic; Fresh water; Aquatic,1
IsolationComments,isolated by Bruner and Fabricant,1
IsolationComments,isolated by U. Maschmann,1
IsolationComments,isolated by M Stutzer in 1926,1
TemperatureRange,Mesophile,11
TemperatureRange,Psychrophile,2
TemperatureRange,Psychrotolerant,2
TemperatureRange,Psychrotrophic,1
TypeStrain,Yes,19
rel_to_oxygen,aerobe,8
rel_to_oxygen,facultative,3
rel_to_oxygen,Missing,2
rel_to_oxygen,microaerophilic,2
rel_to_oxygen,anaerobe,1
rel_to_oxygen,obligate aerobe,1
rel_to_oxygen,microanaerobe,1
alt_elev,Missing,9
alt_elev,0m,4
FundingProgram,DOE-CSP 2012,2
FundingProgram,DOE-GEBA 2009,1
FundingProgram,DOE-GEBA 2007,1
Sporulation,Nonsporulating,4
trophic_level,Missing,6
trophic_level,chemoheterotroph,4
trophic_level,heterotroph,1
country,South Korea,4
country,Antarctica,3
country,Germany,2
country,USA,1
country,Missing,1
country,Japan,1
country,Southern Ocean,1
country,Atlantic Ocean,1
country,China,1
depth,Missing,7
depth,0m,4
depth,0.5 m,4
depth,0 m,1
depth,2357 meters below sea level,1
CellShape,Rod-shaped,11
CellShape,"Rod-shaped""\n",1
HostHealth,Septicemic disease in waterfowls. Septicemia anserum exsudativa. Epizootic infectious disease of domestic birds.,1
HostHealth,Associated with respiratory disease in pigeons,1
HostName,"Anas platyrhynchos (duck), gucks, geese,turkeys and waterfowls distributed worldwide""\n",1
HostName,Pyramimonas gelidicola,1
"5,finishingstrategy(depthofcoverage)","Level 2', 'High-Quality Draft34.5x;61",1
"6,biotic_relationship",free living,1
pH,5.5-11.0,1
pH,7.5-8.0,1
pH,7-8,1
pH,7-9,1
pH,7,1
pH,6-8,1
pH,5.5-9.0,1
pH,7.5,1
GramStaining,Gram-,20
GeneCallingMethod,Prodigal 2.5,6
GeneCallingMethod,"Prodigal 1.4, GenePRIMP",1
"7,
",[],1
"8,
",[],1
"9,finishingstrategy(depthofcoverage)","Level 2', 'High-Quality Draft37.97x;74",1
"10,
",[],1
"11,
",[],1
"12,finishingstrategy(depthofcoverage)","Level 2', 'High-Quality Draft157",1
"13,env_package",missing,1
biotic_relationship,free living,4
biotic_relationship,Missing,2
"14,biotic_relationship",free living,1
"15,env_package",missing,1
"16,biotic_relationship",free living,1
Isolationsource,"Turkey, respiratory tract; United Kingdom",1
Host,Turkey,1
geo-loc-name,missing,4
geo-loc-name,United Kingdom,1
BodySampleSubSite,Respiratory tract,1
"17,finishingstrategy(depthofcoverage)","Level 2', 'High-Quality Draft32x;62",1
"18,finishingstrategy(depthofcoverage)","Level 2', 'High-Quality Draft10x;42",1
"19,finishingstrategy(depthofcoverage)","Level 2', 'High-Quality Draft11x;38",1
"20,strain",CF136\n,1
"21,strain",CF314\n,1
"22,finishingstrategy(depthofcoverage)","Level 2', 'High-Quality Draft33x;75",1
"23,strain",AK20\n,1
"24,strain",DSM 16469,1
host,not applicable,147
host,Homo sapiens,26
host,Plecoglossus altivelis altivelis,9
host,Oncorhynchus mykiss,8
host,Caenorhabditis elegans MY316,3
host,rainbow trout,2
host,missing,2
host,Strongylocentrotus intermedius,1
host,Bactrocera oleae,1
host,Aporrectodea caliginosa,1
host,Solanum lycopersicum,1
host,Brassica rapa subsp. oleifera,1
host,pigeons,1
host,warmwater fish,1
"25,env_package",missing,1
isolationsource,"Mouth of a dog; USA, Virginia",1
"26,strain",SCGC AAA160-P02,1
note,single cell isolate,1
note,ATCC 13253 = NBRC 12535,1
"27,strain",ATCC 13253,1
"28,strain",DSM 19726,1
"29,strain",DSM 18436,1
Phenotypes,Gliding; Catalase positive,4
Phenotypes,Catalase positive,4
"30,strain",JM1,1
"31,strain",DSM 12212,1
"32,strain",DSM 17708,1
"33,strain",DSM 15936,1
"34,strain",DSM 22377,1
"35,strain",DSM 17032,1
"36,strain",DSM 19388,1
"37,strain",UNC8MFCol,1
"38,env_package",missing,1
sequencing_meth,WGS,10
"39,env_package",missing,1
"40,env_package",missing,1
"41,env_package",missing,1
"42,strain",DSM 21422,1
finishing_strategy,"Level 1', 'Standard Draft",2
"43,strain",DSM 21067,1
"44,geo_loc_name",missing,1
"45,strain",Hel_I_88,1
"46,strain",Hel_I_7,1
"47,strain",Hel_I_10,1
"48,geo_loc_name",missing,1
"49,strain",Hel_I_48,1
"50,geo_loc_name",missing,1
"51,geo_loc_name",missing,1
"52,geo_loc_name",missing,1
"53,geo_loc_name",missing,1
"54,geo_loc_name",missing,1
"55,geo_loc_name",missing,1
"56,geo_loc_name",missing,1
"57,geo_loc_name",missing,1
"58,geo_loc_name",missing,1
"59,geo_loc_name",missing,1
"60,geo_loc_name",missing,1
"61,host",missing,1
host_disease,missing,7
host_disease,Trachitis,2
host_disease,Cystic fibrosis,1
host_disease,Trachiits/Colonization,1
host_disease,intracranial infection,1
host_disease,Infection with Elizabethkingia meningoseptica,1
isolate,Not Applicable,5
isolate,not applicable,3
isolate,missing,2
isolate,UBA6721,1
isolate,CIP80.33,1
isolate,ISS653,1
isolate,UBA2787,1
isolate,UBA1846,1
isolate,UBA807,1
isolate,CIP108654,1
isolate,CIP108653,1
culture_collection,FDA:FDAARGOS_337,1
culture_collection,CECT 9532,1
culture_collection,NCTC:13490\n,1
culture_collection,ATCC:35103,1
culture_collection,DSM:17960,1
culture_collection,FDA:FDAARGOS_379,1
culture_collection,NCTC:12947\n,1
culture_collection,ATCC:51720D,1
culture_collection,"CGMCC', '1.9225",1
culture_collection,FDA:FDAARGOS_134,1
culture_collection,NCTC:11014\n,1
culture_collection,ATCC:33958,1
culture_collection,FDA:FDAARGOS_132,1
collected_by,missing,25
collected_by,"[""Children's National Hospital""]",4
collected_by,Desong Ming,3
collected_by,Kristy Hentchel,2
collected_by,John H. Elder and Stephen Alexander,1
collected_by,FDA,1
collected_by,"University of Stirling, Institute of Aquaculture",1
collected_by,Yu-Hua Xin,1
collected_by,Brian Traw,1
collected_by,ATCC < CCUG < PHL,1
isolation_source,missing,153
isolation_source,blood,9
isolation_source,Oncorhynchus mykiss,4
isolation_source,Rotting apple,3
isolation_source,freshwater lake,3
isolation_source,soil,3
isolation_source,endotracheal aspirate,3
isolation_source,Oncorynchus tshawytscha,2
isolation_source,sputum,2
isolation_source,skin of fish with ulcerative dermatitis,2
isolation_source,Salmo salar,2
isolation_source,compost soil,2
isolation_source,spring water,1
isolation_source,leaf,1
isolation_source,Blood,1
isolation_source,lactc acid beverage,1
isolation_source,a coastal hot spring,1
isolation_source,contaminated commercial preparation of carboxipeptidase A,1
isolation_source,stream water,1
isolation_source,glacier,1
isolation_source,hard water rivulet,1
isolation_source,Supragingival dental plaque,1
isolation_source,Root endosphere,1
isolation_source,urine,1
isolation_source,kidney of fish with systemic disease,1
isolation_source,Abscess,1
isolation_source,unknown,1
isolation_source,seawater,1
isolation_source,throat,1
isolation_source,surface of Austrian artisanal cheeses,1
isolation_source,gill,1
isolation_source,Bronchial aspirate,1
isolation_source,Sea of Japan,1
isolation_source,sea water,1
isolation_source,salmon,1
isolation_source,ATCC,1
isolation_source,whole mosquito body,1
isolation_source,Dehydrated sludge of the municipal sewage,1
isolation_source,Peritoneal fluid,1
isolation_source,tracheal exsudate,1
isolation_source,Soil,1
isolation_source,marine hydrothermal vent biofilm,1
isolation_source,spleen,1
isolation_source,deep well,1
isolation_source,internal organs,1
isolation_source,Oncorynchus masou,1
isolation_source,Oncorynchus kisutch,1
"62,geo_loc_name",missing,1
"63,geo_loc_name",missing,1
"64,geo_loc_name",missing,1
"65,geo_loc_name",missing,1
"66,geo_loc_name",missing,1
"67,geo_loc_name",missing,1
"68,geo_loc_name",missing,1
"69,geo_loc_name",missing,1
"70,geo_loc_name",missing,1
"71,geo_loc_name",missing,1
"72,geo_loc_name",missing,1
"73,geo_loc_name",missing,1
"74,host",Arabidopsis thaliana,1
sample_type,cell culture,20
sample_type,whole organism,7
sample_type,ulcer,5
sample_type,metagenomic assembly,4
sample_type,Whole organism,4
sample_type,pure culture,2
sample_type,Pure culture,1
sample_type,glacier,1
sample_type,environmental sample,1
sample_type,culture,1
sample_type,bacterial pure culture,1
biomaterial_provider,Crosson Lab,2
biomaterial_provider,"University Of stirling, Institute of Aquaculture",1
biomaterial_provider,Hang-Yeon weon,1
biomaterial_provider,"Joy Bergelson, Ecology and Evolution, University of Chicago, 1101 E. 57th St., Chicago, IL 60637, USA",1
biomaterial_provider,DSMZ,1
biomaterial_provider,Dr. Janet I. MacInnes,1
env_biome,missing,65
env_biome,compost soil,2
env_biome,freshwater lake,2
env_biome,marine hydrothermal vent,1
env_biome,plant-associated habitat,1
env_biome,Marine,1
host_tissue_sampled,leaf,1
"75,strain",Hel_I _90,1
env_feature,missing,61
env_feature,garden,2
env_feature,Sea water,1
env_feature,marine hydrothermal vent chimney,1
env_material,missing,64
env_material,soil,2
env_material,Surface seawater,1
env_material,marine sediment (ENVO:00002113),1
env_material,microbial mat material,1
"76,strain",CC-HSB-11,1
"77,host",Anopheles gambiae,1
"78,collected_by",UW clinical laboratory,1
"79,strain",R-53146,1
"80,strain",R-53146,1
"81,host_disease",respiratory infection,1
host_sex,male,6
host_sex,Missing,1
host_disease_outcome,Missing,5
host_disease_outcome,cured,1
host_disease_outcome,died,1
host_age,1M,1
host_age,73,1
host_age,Missing,1
host_age,82,1
host_age,1Y,1
host_age,1mo,1
host_age,5Y,1
"82,host_disease",the hyperplasia of prostate and acute urinary retention;urinary tract infections,1
"83,strain",TAB 87,1
"84,strain",LP1,1
elev,0,1
"85,isolation_source",missing,1
"86,isolation_source",missing,1
"87,strain",CSID_3015183684,1
"88,isolation_source",missing,1
"89,isolation_source",missing,1
"90,strain",C#2,1
"91,strain",MOF25P,1
"92,strain",BGARF1,1
"93,strain",CBo1,1
"94,sample_name",Arenibacter sp. C-21,1
locus_tag_prefix,FPKKO176,1
locus_tag_prefix,FPN182,1
locus_tag_prefix,FPKHI175,1
locus_tag_prefix,FPN187,1
locus_tag_prefix,FPN186,1
locus_tag_prefix,FPN185,1
locus_tag_prefix,FPN184,1
locus_tag_prefix,FPKKA176,1
locus_tag_prefix,C21,1
locus_tag_prefix,FPN181,1
"95,isolation-source",urine,1
nat-host,Homo sapiens,1
"96,strain",FPG87,1
"97,strain",FPG103,1
"98,strain",ATCC 35103,1
HistoricalMonobactamProduced,SQ-28502/503,1
UniqueMonobactamClustersIdentified,"MAC-201, MAC-202, MAC-203",1
"99,strain",CSF-298-10,1
"100,strain",61421 PRCM,1
"101,sample_type",cell culture,1
altitude,180 m,2
altitude,181 m,2
altitude,3457 m,1
temp,6 C,2
temp,65 degrees F,2
"102,sample_type",cell culture,1
"103,geo_loc_name",Canada,1
"104,geo_loc_name","Canada', 'Ontario",1
"105,geo_loc_name",Canada,1
"106,geo_loc_name",Canada,1
"107,geo_loc_name","Canada', 'Ontario",1
"108,geo_loc_name",USA:DC,1
strain_name_alias,FDAARGOS_134,1
strain_name_alias,FDAARGOS_379,1
strain_name_alias,FDAARGOS_337,1
strain_name_alias,FDAARGOS_132,1
strain_name_alias,FDAARGOS_198,1
identificationmethod,Phenotypic identification,2
identificationmethod,phenotypic identification,2
identificationmethod,Phenotypic characterization,1
host_health_state,Missing,5
host_description,Missing,5
host_disease_stage,Missing,5
"109,strain",T16E-39,1
"110,FDACVMID",CVM 43416,1
"111,FDACVMID",CVM AQ-18,1
"112,FDACVMID",CVM 41392,1
"113,FDACVMID",CVM 22644,1
"114,FDACVMID",CVM 43414,1
"115,FDACVMID",CVM 43415,1
"116,FDACVMID",CVM 43443,1
"117,FDACVMID",CVM 41393,1
"118,FDACVMID",CVM 43445,1
"119,FDACVMID",CVM 43442,1
"120,FDACVMID",CVM AQ-21,1
"121,FDACVMID",CVM AQ-16,1
"122,FDACVMID",CVM 43417,1
"123,FDACVMID",CVM 43441,1
"124,FDACVMID",CVM AQ-20,1
"125,FDACVMID",CVM 41394,1
"126,FDACVMID",CVM AQ-19,1
"127,FDACVMID",CVM 43413,1
"128,
",[],1
"129,geo_loc_name",Sweden,1
"130,culture_collection",ATCC:BAA-1782,1
PublicAccession,CFSAN055505,1
isolate_name_alias,4EL19-4EL24,1
ProjectAccession,PRJNA342323,1
Species,piperi,1
Genus,Chryseobacterium,1
attribute_package,environmental/food/other,1
"131,assembly_method",CLC de novo assembler,1
assembly_method_version,4.4.1,4
completeness_estimated,99.65%,1
completeness_estimated,98.39%,1
completeness_estimated,80.51%,1
completeness_estimated,77.87%,1
contamination_estimated,0.16%,1
contamination_estimated,2.41%,1
contamination_estimated,0.62%,1
contamination_estimated,0.30%,1
environmental_sample,true,4
genome_coverage,10.22,1
genome_coverage,41.86,1
genome_coverage,39.39,1
genome_coverage,14.25,1
mapping_method,BWA (BWA-MEM),4
mapping_method_version,0.7.12-r1039,4
metagenome_source,metagenome,3
metagenome_source,EBPR bioreactor metagenome,1
metagenomic,true,4
quality_assessment_method,CheckM,4
quality_assessment_method_version,1.0.6,4
subsrc_note,Genome binned from sequencing reads available in SRX201528 metagenome,1
subsrc_note,Genome binned from sequencing reads available in SRX201543 metagenome,1
subsrc_note,Genome binned from sequencing reads available in SRX393041 metagenome,1
subsrc_note,Genome binned from sequencing reads available in SRX481087 metagenome,1
value,"This BioSample is a metagenomic assembly obtained from the EBPR bioreactor metagenome reads', 'SRR1051195.",1
value,"This BioSample is a metagenomic assembly obtained from the metagenome reads', 'SRR609198.",1
value,"This BioSample is a metagenomic assembly obtained from the metagenome reads', 'SRR1182698.",1
value,"This BioSample is a metagenomic assembly obtained from the metagenome reads', 'SRR609293.",1
"132,strain",KC1668,1
"133,strain",H1496,1
"134,strain",H5594,1
"135,strain",G7591,1
"136,strain",D1176,1
"137,strain",H4358,1
"138,strain",H2931,1
"139,strain",7120,1
"140,strain",H4486,1
"141,strain",H6253,1
"142,strain",H2177,1
"143,strain",H3936,1
"144,strain",ACN2,1
"145,strain",ACN6,1
"146,strain",H6490,1
"147,assembly_method",CLC de novo assembler,1
"148,assembly_method",CLC de novo assembler,1
"149,assembly_method",CLC de novo assembler,1
"150,geo_loc_name",USA:DC,1
LaboratoryHost,Missing,1
ExtractionMethod,Missing,1
passage_history,Missing,1
ExtractionDate,Missing,1
sampletype,Missing,1
PassageDate,Missing,1
"151,
",[],1
"152,
",[],1
"153,
",[],1
"154,
",[],1
"155,strain",DSM 27617,1
"156,
",[],1
"157,
",[],1
"158,strain",S27,1
"159,strain",ES.050,1
"160,collection_date",not collected,1
"161,strain",Mar_2009_75,1
"162,
",[],1
"163,strain",RHA_19,1
"164,
",[],1
"165,
",[],1
"166,
",[],1
"167,
",[],1
"168,
",[],1
"169,
",[],1
"170,
",[],1
"171,
",[],1
"172,collection_date",not collected,1
"173,strain",IP-10,1
"174,env_feature",missing,1
"175,strain",DSM 23404,1
"176,geo_loc_name","South Korea', 'Pohang",1
"177,strain",DSM 16809,1
"178,FDACVMID",CVM 43418,1
"179,FDACVMID",CVM 43419,1
"180,geo_loc_name",USA:DC,1
"181,geo_loc_name",USA:DC,1
"182,
",[],1
"183,collection_date",not applicable,1
"184,collection_date",not applicable,1
"185,collection_date",not applicable,1
"186,strain",DSM 25027,1
"187,strain",DSM 22727,1
"188,strain",DSM 5424,1
"189,strain",DSM 17797,1
"190,
",[],1
"191,
",[],1
"192,strain",DSM 23082,1
"193,strain",DSM 25731,1
"194,
",[],1
"195,
",[],1
"196,
",[],1
"197,strain",DSM 24704,1
"198,strain",DSM 22637,1
"199,strain",DSM 23514,1
"200,
",[],1
"201,
",[],1
"202,
",[],1
"203,
",[],1
"204,strain",CECT 7945,1
"205,
",[],1
"206,strain",DSM 15361,1
"207,strain",DSM 17205,1
"208,strain",DSM 23404,1
"209,strain",DSM 12408,1
"210,geo_loc_name",missing,1
"211,strain",DSM 24464,1
"212,strain",CGMCC 1.12398,1
"213,strain",CGMCC 1.12504,1
"214,strain",DSM 25663,1
"215,
",[],1
"216,
",[],1
"217,
",[],1
"218,
",[],1
"219,
",[],1
"220,strain",325-5,1
"221,
",[],1
"222,
",[],1
"223,strain",DSM 25795,1
"224,
",[],1
"225,
",[],1
"226,
",[],1
"227,
",[],1
"228,
",[],1
"229,
",[],1
"230,
",[],1
"231,strain",DSM 26283,1
"232,
",[],1
"233,strain",DSM 27620,1
"234,
",[],1
"235,
",[],1
"236,
",[],1
"237,
",[],1
"238,
",[],1
"239,strain",DSM 19839,1
"240,
",[],1
"241,strain",DSM 15094,1
"242,strain",DSM 14219,1
"243,
",[],1
"244,
",[],1
"245,
",[],1
"246,
",[],1
"247,
",[],1
"248,
",[],1
"249,strain",DSM 23424,1
"250,strain",DSM 19727,1
"251,strain",DSM 15235,1
"252,strain",DSM 15235,1
"253,strain",DSM 16927,1
"254,strain",DSM 16927,1
"255,strain",ATCC 27950,1
"256,strain",ATCC 27950,1
"257,
",[],1
"258,
",[],1
"259,strain",DSM 25687,1
"260,
",[],1
"261,
",[],1
"262,
",[],1
"263,
",[],1
"264,
",[],1
"265,
",[],1
"266,strain",DSM 28135,1
"267,strain",CGMCC 1.12802,1
"268,strain",CGMCC 1.10957,1
"269,
",[],1
"270,geo_loc_name",missing,1
"271,sample_name",Flavobacterium psychrophilum genomic DNA,1
"272,sample_name",Flavobacterium psychrophilum genomic DNA,1
"273,sample_name",Flavobacterium psychrophilum genomic DNA,1
"274,sample_name",Flavobacterium psychrophilum genomic DNA,1
"275,sample_name",Flavobacterium psychrophilum genomic DNA,1
"276,sample_name",Flavobacterium psychrophilum genomic DNA,1
"277,sample_name",Flavobacterium psychrophilum genomic DNA,1
"278,sample_name",Flavobacterium psychrophilum genomic DNA,1
"279,sample_name",Flavobacterium psychrophilum genomic DNA,1
"280,geo_loc_name",missing,1
"281,geo_loc_name",missing,1
"282,geo_loc_name",missing,1
"283,geo_loc_name",missing,1
"284,geo_loc_name",missing,1
"285,geo_loc_name",missing,1
"286,geo_loc_name",missing,1
"287,geo_loc_name",missing,1
"288,geo_loc_name",missing,1
"289,geo_loc_name",missing,1
"290,geo_loc_name",missing,1
"291,geo_loc_name",missing,1
"292,geo_loc_name",missing,1
"293,geo_loc_name",missing,1
"294,strain",BCLYD2,1
"295,strain",Sr18,1
identified_by,Qing Liu,1
"296,strain",DSM 23313,1
"297,strain",DSM 17071,1
"298,strain",DSM 19803,1
"299,strain",CGMCC 1.2747,1
"300,strain",DSM 15363,1
"301,strain",DSM 19299,1
"302,strain",DSM 17072,1
"303,strain",Gm-149,1
"304,strain",CGMCC 1.10076,1
"305,geo_loc_name",missing,1
"306,strain",Hel1_33_55,1
"307,strain",DSM 23421,1
"308,geo_loc_name",missing,1
"309,geo_loc_name",missing,1
"310,geo_loc_name",USA,1
"311,strain",DSM 24015,1
"312,strain",DSM 16195,1
"313,strain",DSM 24729,1
"314,strain",DSM 19684,1
"315,strain",CGMCC 1.6101,1
"316,strain",CGMCC 1.11028,1
"317,strain",DSM 19886,1
"318,strain",CGMCC 1.10941,1
"319,strain",DSM 15886,1
"320,geo_loc_name",missing,1
"321,env_feature",missing,1
"322,strain",Hel1_31_208,1
"323,collection_date",not collected,1
"324,strain",MAR_2009_60,1
"325,collection_date",not collected,1
"326,strain",KT25b,1
"327,collection_date",not collected,1
"328,collection_date",not collected,1
"329,strain",MAR_2009_71,1
"330,env_feature",missing,1
"331,env_feature",missing,1
"332,strain",DSM 24956,1
"333,strain",DSM 11449,1
"334,strain",DSM 15718,1
"335,strain",CGMCC 1.11023,1
"336,strain",DSM 25030,1
"337,strain",DSW-5,1
"338,strain",DSM 18293,1
"339,strain",DSM 23553,1
"340,strain",DSM 23581,1
"341,strain",DSM 23842,1
"342,strain",DSM 22376,1
"343,strain",CGMCC 1.9230,1
"344,strain",DSM 21580,1
"345,strain",DSM 19482,1
"346,strain",DSM 23031,1
"347,geo_loc_name",missing,1
"348,strain",DSM 19326,1
"349,strain",DSM 17934,1
"350,strain",DSM 23048,1
"351,strain",DSM 16471,1
"352,strain",DSM 25232,1
"353,strain",DSM 17047,1
"354,strain",DSM 17453,1
"355,geo_loc_name",missing,1
"356,strain",CGMCC 1.8704,1
"357,strain",DSM 19921,1
"358,strain",DSM 27078,1
"359,strain",DSM 21035,1
"360,strain",DSM 19823,1
"361,strain",DSM 15719,1
"362,strain",DSM 17724,1
"363,strain",DSM 21789,1
"364,strain",DSM 24499,1
"365,strain",DSM 17048,1
"366,strain",DSM 19891,1
"367,strain",DSM 26351,1
"368,strain",DSM 15365,1
"369,strain",CGMCC 1.10370,1
"370,strain",DSM 25730,1
"371,strain",CGMCC 1.9227,1
"372,strain",DSM 23515,1
"373,strain",DSM 26000,1
"374,strain",DSM 16777,1
"375,strain",DSM 28881,1
"376,strain",DSM 22251,1
"377,strain",DSM 26542,1
"378,strain",DSM 18180,1
"379,strain",SUR2,1
"380,strain",DSM 4002,1
"381,strain",XJ109,1
"382,strain",DSM 25575,1
"383,strain",DS-12,1
"384,strain",DSM 17794,1
"385,strain",DSM 23925,1
"386,strain",DSM 21019,1
"387,strain",DSM 11385,1
"388,strain",DSM 25510,1
"389,strain",DSM 24450,1
"390,strain",CGMCC 1.6114,1
"391,strain",DSM 17452,1
"392,strain",CGMCC 1.12333,1
"393,strain",DSM 24786,1
"394,geo_loc_name",missing,1
"395,geo_loc_name",missing,1
"396,geo_loc_name","United Kingdom:North Sea off Aberdeen, Scotland, UK",1
"397,strain",DSM 25661,1
"398,geo_loc_name",missing,1
"399,strain",DSM 27619,1
"400,geo_loc_name",missing,1
"401,strain",DSM 26898,1
"402,strain",DSM 25660,1
"403,strain",DSM 24579,1
"404,strain",DSM 13764,1
"405,strain",DSM 19978,1
"406,strain",DSM 17963,1
"407,strain",DSM 19741,1
"408,strain",DSM 17659,1
"409,strain",DSM 15937,1
"410,strain",DSM 6792,1
"411,strain",DSM 22638,1
"412,strain",DSM 19729,1
"413,strain",DSM 25330,1
"414,strain",DSM 19055,1
"415,strain",CF108,1
"416,strain",DSM 100572,1
"417,strain",DSM 19859,1
"418,strain",DSM 25479,1
"419,strain",CGMCC 1.12213,1
"420,strain",DSM 27623,1
"421,strain",DSM 22623,1
"422,strain",DSM 19858,1
"423,strain",DSM 21425,1
"424,strain",CGMCC 1.8863,1
"425,strain",DSM 26349,1
"426,strain",DSM 18829,1
"427,strain",DSM 22807,1
"428,strain",DSM 16478,1
"429,strain",DSM 18016,1
"430,strain",DSM 2064,1
"431,strain",CGMCC 1.12174,1
"432,strain",DSM 26899,1
"433,strain",DSM 27989,1
"434,strain",DSM 27621,1
model,MIGS.ba,8
package,MIGS.ba.4.0,4
package,MIGS.ba.4.0\n,4
"435,strain",DSM 27251,1
"436,strain",DSM 24724,1
"437,strain",DSM 3661,1
"438,strain",DSM 6368,1
"439,strain",DSM 1811,1
"440,strain",DSM 1076,1
"441,strain",DSM 25581,1
"442,strain",CGMCC 1.2749,1
"443,strain",ACAM 48,1
"444,strain",KT 15,1
"445,strain",DSM 16779,1
"446,strain",DSM 16209,1
"447,
",[],1
"448,strain",DSM 18830,1
"449,strain",DSM 15366,1
"450,strain",RU33C,1
"451,strain",RU37D,1
"452,strain",DSM 17126,1
"453,strain",DSM 2061,1
"454,strain",DSM 21068,1
"455,strain",DSM 23145,1
"456,strain",DSM 18017,1
"457,strain",DSM 18014,1
"458,collected_by","Keck N., LDV Herault, Montpellier, France",1
geographiclocation(countryand/orsea),Netherlands,3
geographiclocation(countryand/orsea),France,2
geographiclocation(countryand/orsea),Israel,1
hostscientificname,human,1
hostscientificname,Xenopus laevi,1
hostscientificname,Cyprinus carpio,1
hosthealthstate,not provided,3
serovar,"""\n",3
"459,
",[],1
"460,collected_by","Pechter I., Israel",1
"461,
",[],1
"462,
",[],1
"463,
",[],1
"464,
",[],1
"465,collected_by","Keck N., LDV Herault, Montpellier, France",1
"466,strain",DSM 22323,1
"467,strain",DSM 23546,1
"468,strain",DSM 23405,1
"469,strain",DSM 23400,1
"470,strain",DSM 16775,1
"471,strain",DSM 23401,1
"472,geo_loc_name",missing,1
"473,strain",DSM 21164,1
"474,strain",CGMCC 1.12708,1
"475,geo_loc_name",missing,1
"476,synonym",Gp0194197,1
geographiclocation,South Korea:Busan,1
latitudeandlongitude,35.1 N 129.01 E,1
ENA-FIRST-PUBLIC,2017-09-19,4
ENA-FIRST-PUBLIC,2017-05-03,3
ENA-FIRST-PUBLIC,2019-09-24,1
ENA-FIRST-PUBLIC,2017-06-20,1
ENA-FIRST-PUBLIC,2017-10-12,1
ENA-LAST-UPDATE,2017-05-03\n,3
ENA-LAST-UPDATE,2017-01-12\n,2
ENA-LAST-UPDATE,2017-08-07\n,1
ENA-LAST-UPDATE,"2019-09-19""\n",1
ENA-LAST-UPDATE,2016-12-13\n,1
ENA-LAST-UPDATE,2017-06-20\n,1
ENA-LAST-UPDATE,2016-12-09\n,1
"477,synonym",Gp0194253,1
"478,synonym",Gp0194254,1
"479,strain",NCTC11014,1
sample_description,[],9
sample_description,,7
specific_host,not applicable,1
specific_host,Duck,1
specific_host,Human (Male),1
anonymized_name,2797704,1
anonymized_name,2660916,1
anonymized_name,2755631,1
host_status,not applicable,3
supplier_name,NCTC13490,1
supplier_name,NCTC11014,1
supplier_name,NCTC12947,1
"480,strain",NCTC13490,1
"481,strain",NCTC12947,1
"482,geo_loc_name",missing,1
"483,strain",DSM 29150,1
"484,synonym",Gp0194240,1
"485,strain",DSM 27993,1
"486,strain",DSM 19840,1
"487,strain",CGMCC 1.12641,1
"488,strain",DSM 25885,1
"489,
",[],1
"490,strain",NCTC11660,1
ArrayExpress-StrainOrLine,NCTC10796,1
ArrayExpress-StrainOrLine,NCTC13529,1
ArrayExpress-StrainOrLine,NCTC13533,1
ArrayExpress-StrainOrLine,NCTC11653,1
ArrayExpress-StrainOrLine,NCTC12948,1
ArrayExpress-StrainOrLine,NCTC11212,1
ArrayExpress-StrainOrLine,NCTC11634,1
ArrayExpress-StrainOrLine,NCTC13489,1
ArrayExpress-StrainOrLine,NCTC10588,1
ArrayExpress-StrainOrLine,NCTC11180,1
ArrayExpress-StrainOrLine,NCTC12242,1
ArrayExpress-StrainOrLine,NCTC11660,1
ArrayExpress-StrainOrLine,NCTC11036,1
ArrayExpress-StrainOrLine,NCTC10016,1
ArrayExpress-StrainOrLine,NCTC13532,1
ArrayExpress-StrainOrLine,NCTC11432,1
ArrayExpress-Species,Elizabethkingia meningoseptica\n,2
ArrayExpress-Species,Capnocytophaga canimorsus\n,1
ArrayExpress-Species,Myroides odoratimimus\n,1
ArrayExpress-Species,Bergeyella zoohelcum\n,1
ArrayExpress-Species,Myroides odoratus\n,1
ArrayExpress-Species,Chryseobacterium indoltheticum\n,1
ArrayExpress-Species,Capnocytophaga sputigena\n,1
ArrayExpress-Species,Chryseobacterium antarcticum,1
ArrayExpress-Species,Chryseobacterium nakagawai,1
ArrayExpress-Species,Capnocytophaga granulosa\n,1
ArrayExpress-Species,Weeksella virosa,1
ArrayExpress-Species,Chryseobacterium indologenes\n,1
ArrayExpress-Species,Chryseobacterium shigense\n,1
ArrayExpress-Species,Chryseobacterium balustinum,1
ArrayExpress-Species,Chryseobacterium gleum\n,1
"491,
",[],1
"492,strain",NCTC12948,1
"493,strain",NCTC11653,1
"494,
",[],1
"495,strain",NCTC11212,1
ArrayExpress-Phenotype,Not applicable,3
ArrayExpress-Phenotype,N/A,3
"496,Strain",NCTC13533,1
SampleDescription,,3
"497,
",[],1
"498,
",[],1
"499,Strain",NCTC13532,1
"500,
",[],1
"501,
",[],1
"502,
",[],1
"503,Strain",NCTC10588,1
"504,
",[],1
"505,
",[],1
"506,strain",NCTC11180,1
"507,strain",NCTC11036,1
"508,
",[],1
"509,strain",NCTC12242,1
"510,
",[],1
"511,strain",NCTC10796,1
"512,strain",NCTC10016,1
"513,
",[],1
"514,
",[],1
"515,
",[],1
"516,
",[],1
"517,
",[],1
"518,strain",NCTC11432,1
"519,strain",NCTC13529,1
"520,strain",NCTC11634,1
"521,strain",NCTC13489,1
"522,SUBJECT_ID",3012STDY6944352,1
ArrayExpress-STRAIN_OR_LINE,NCTC11097,1
ArrayExpress-SPECIES,Capnocytophaga sputigena,1
"523,
",[],1
"524,
",[],1
"525,
",[],1
"526,
",[],1
"527,Alias",Flavo_2,1
ENAchecklist,ERC000020,3
INSDCcenteralias,NIOO KNAW,3
INSDCcentername,NIOO KNAW,3
INSDCfirstpublic,2019-07-09T17:06:29Z,3
INSDClastupdate,2019-07-09T15:28:25Z,3
INSDCstatus,public,3
SRAaccession,ERS3568298,1
SRAaccession,ERS3568299,1
SRAaccession,ERS3568301,1
SampleName,ERS3568298,1
SampleName,ERS3568299,1
SampleName,ERS3568301,1
Title,endosphere flavobacterium isolate,3
environment(biome),area of cropland,3
environment(feature),area of cropland,3
environment(material),endosphere environment,3
geographiclocation(latitude),51.9691868,3
geographiclocation(longitude),5.665394800000058,3
plant-associatedenvironmentalpackage,plant-associated,3
projectname,Unlock the secrets of disease suppressive soils,3
"528,Alias",Flavo_1,1
"529,Alias",Flavo_4,1
"530,collected_by",Institut de Cincies del Mar (ICM-CSIC),1
"531,
",[],1
"532,
",[],1
"533,
",[],1
"534,
",[],1
"535,
",[],1
